Order_ID,Date,Product,Category,Quantity,Price,Region
1001,2026-01-05,Laptop,Electronics,2,55000,North
1002,2026-01-08,Mouse,Accessories,10,800,South
1003,2026-01-12,Keyboard,Accessories,6,1500,East
1004,2026-01-18,Monitor,Electronics,3,12000,West
1005,2026-02-03,Laptop,Electronics,1,55000,West
1006,2026-02-10,Mouse,Accessories,15,800,North
1007,2026-02-14,Keyboard,Accessories,8,1500,South
1008,2026-02-20,Monitor,Electronics,4,12000,East
1009,2026-03-02,Laptop,Electronics,3,55000,South
1010,2026-03-09,Mouse,Accessories,20,800,West
1011,2026-03-15,Keyboard,Accessories,10,1500,North
1012,2026-03-22,Monitor,Electronics,2,12000,South
1013,2026-04-04,Laptop,Electronics,2,55000,East
1014,2026-04-11,Mouse,Accessories,18,800,South
1015,2026-04-19,Keyboard,Accessories,12,1500,Wests
